,Actor_name,Wikipedia_movie_ID,Actor age at movie release,log_revenues,Revenue_with_inflation,revenues_in_millions
0,Tom Cruise,5276575.117647059,33.55882352941177,19.52357667941592,417049067.1674247,301.2878504174932
1,Will Smith,4457158.5,33.25,19.489863934938622,486801166.656092,291.2999163995218
2,Arnold Schwarzenegger,6376695.0,46.0,19.30297173672423,333964107.55416495,241.6429392034581
3,Eddie Murphy,4871605.977777778,37.13333333333333,19.20651126080706,343277791.02556384,219.42285279745892
4,Mike Myers,3305525.3636363638,37.04545454545455,19.117405607422423,409312769.60174364,200.7168180913453
5,Frank Oz,885016.8571428572,43.32142857142857,19.08964345029228,430923304.6190141,195.22112536478267
6,Robert Redford,2984207.4583333335,49.041666666666664,19.000216117775988,266483622.5677271,178.52087832960183
7,Jim Carrey,4317834.321428572,36.785714285714285,18.99535166223572,285664648.8941357,177.654580196596
8,Hugo Weaving,13106383.416666666,45.791666666666664,18.980500716537104,560522272.7078835,175.03573596187363
9,Harrison Ford,4836219.157894737,48.39473684210526,18.977262452430242,480970300.7289498,174.46984077424196
10,Maggie Smith,6460627.862068965,62.03448275862069,18.845366614933795,496543743.62348866,152.9110006385861
11,Sally Field,3785259.5714285714,41.42857142857143,18.820057707080473,283031627.50523853,149.08955253326005
12,Tom Hanks,5063361.936170213,40.8936170212766,18.794062882654668,348358664.0034087,145.26393434954682
13,Emma Thompson,7075090.782608695,42.65217391304348,18.77366942588153,368442328.26009715,142.331503416206
14,Brad Pitt,4980234.888888889,37.26470588235294,18.735176369540813,247410445.38273847,136.95683614866226
15,Brad Garrett,4953901.15,41.2,18.729890000392864,359169640.00078136,136.23474206500592
16,Sean Connery,4324927.5,52.5945945945946,18.714701678652347,308999458.5441331,134.18119938044623
17,Jim Cummings,3546854.7297297297,45.54054054054054,18.70353600940982,331146124.9063698,132.69130977581392
18,Mel Gibson,3999493.0344827585,39.642857142857146,18.67996533629064,300333361.82959414,129.60025847555926
19,Cameron Diaz,7093870.8,30.133333333333333,18.676112460906364,338552612.2151838,129.10188553082264
20,Helena Bonham Carter,6665044.884615385,35.88,18.67561157173424,427316156.8981647,129.03723598673952
21,Christopher Lee,6778924.52,72.4,18.671476210851147,474902059.78700495,128.5047222756482
22,George Clooney,6737081.483870967,42.225806451612904,18.627305019609484,201198405.2066303,122.95205241939128
23,Dustin Hoffman,4784717.825,55.575,18.617452578676723,252528388.99199066,121.74662254962955
24,Leonardo DiCaprio,5461000.818181818,27.047619047619047,18.581703917017084,420263781.67300326,117.47121901800774
25,Michael J. Fox,2002136.7391304348,30.565217391304348,18.562468866513214,234706875.56914914,115.2332469417224
26,Chris Rock,6347290.387096774,36.03225806451613,18.560283391445772,240769384.80070415,114.98168254757543
27,Martin Lawrence,4370268.142857143,36.1578947368421,18.538930191130866,153994643.48428953,112.55248353474943
28,Pete Postlethwaite,6046188.333333333,54.15,18.51332380441231,246390642.9551011,109.7070077684263
29,Hugh Jackman,8856516.9,37.55,18.51303319371057,271711991.2092902,109.67513037009387
30,Adam Sandler,8918382.783783784,36.5945945945946,18.503999505003968,165741007.40916362,108.6888210964607
31,Harry Shearer,2628409.214285714,52.48148148148148,18.5039836554642,342491632.9195227,108.68709844232009
32,Geoffrey Rush,4951817.285714285,51.04761904761905,18.502775511661365,334186909.5405566,108.55586808642165
33,Jada Pinkett Smith,4189413.5,28.95,18.502027954016043,306009192.4899569,108.47474664254466
34,Frank Welker,3146348.2131147543,48.75,18.476890895077034,296447497.7574676,105.78199624345363
35,Jack Nicholson,4741740.583333333,50.083333333333336,18.458808484724248,201515699.23689878,103.88639296831795
36,Sylvester Stallone,4102220.85,45.48717948717949,18.434110131823346,271675017.75411105,101.35199671207218
37,Clint Eastwood,4109004.7441860465,51.651162790697676,18.423257917799166,156970911.09271526,100.25804976140141
38,Meryl Streep,6783620.5,47.891891891891895,18.421097986089926,164304263.56128836,100.04173291951686
39,Angelina Jolie,4464137.52,27.8,18.42095968024508,243752735.24466506,100.02789751990592
40,Jonah Hill,14462676.192307692,24.423076923076923,18.41982951008863,209392456.6407949,99.91491283330303
41,Bernie Mac,3446427.5714285714,44.095238095238095,18.414491941968958,234272896.15371835,99.38303092061403
42,Robin Williams,4097175.3846153845,46.490196078431374,18.413124389469893,241589267.0081634,99.24721229902887
43,Jamie Foxx,8130926.095238095,36.0,18.40731775132866,170982354.5562797,98.6725895783331
44,Michael Douglas,8252637.833333333,50.86206896551724,18.40435729598135,187445647.97679037,98.38090575438477
45,Scarlett Johansson,7435837.206896552,19.93103448275862,18.396013186057314,282751152.929025,97.5634200008967
46,Gary Oldman,8878729.305555556,43.029411764705884,18.3952895684736,392254106.3396051,97.49284693169325
47,Sam Elliott,6538450.739130435,51.78260869565217,18.38246858243809,166365619.82166165,96.25087119213774
48,Max von Sydow,5067685.9,61.06896551724138,18.38056817675992,261141546.4291569,96.06812918696578
49,Bruce Willis,5761541.301587301,44.596774193548384,18.363688972757874,214442077.78458405,94.46018422793857
50,George Kennedy,2400513.625,53.17391304347826,18.351776070369837,155134267.51485962,93.34156550077078
51,Pat Hingle,3375503.4285714286,63.61904761904762,18.349308669024772,198079911.22406197,93.11153829792036
52,Ashton Kutcher,9001528.5,27.473684210526315,18.34539817886363,152375352.77068424,92.7481375441451
53,Cedric the Entertainer,6339061.652173913,39.95652173913044,18.337194010538045,225592126.22726765,91.99032905661056
54,Jason Bateman,11249639.57142857,37.035714285714285,18.332476006699636,170115451.03873882,91.55734055490898
55,Seann William Scott,8404591.291666666,28.375,18.329615212095078,269077579.50655454,91.2957881113334
56,Tommy Lee Jones,5732827.486486486,48.83783783783784,18.329598519216177,245817627.65663862,91.29426413451807
57,Julia Roberts,5734631.810810811,31.37837837837838,18.32588687460419,252996510.62525684,90.95604034248507
58,Richard Griffiths,5638634.380952381,52.6,18.322951227764058,463962529.043081,90.68941707741591
59,Jon Favreau,6315396.142857143,36.142857142857146,18.322333946755368,238804659.13556767,90.63345349696954
60,Jon Voight,4891971.0,59.25806451612903,18.321106115338807,227248377.35536906,90.52223918555929
61,Jason Isaacs,7973717.923076923,40.73076923076923,18.319350210623302,415839837.0833782,90.3634302264187
62,Natalie Portman,7627016.851851852,22.76,18.304054080242,283305397.4385229,88.99173696016423
63,Delroy Lindo,2775859.4545454546,46.09090909090909,18.294477981983366,198435867.96848366,88.14361069426167
64,Robbie Coltrane,5682371.2,48.89655172413793,18.294160036998974,507054797.50805765,88.11559033003842
65,Matt Damon,5830730.0227272725,32.34090909090909,18.292994666320055,192403358.18202755,88.01296281587484
66,Queen Latifah,7901925.533333333,33.2,18.290216322149835,217013927.8883758,87.76877189402339
67,Mark Wahlberg,7640557.962962963,32.25925925925926,18.289273157296055,171244515.18667093,87.68603049863519
68,Rob Schneider,3602207.888888889,37.074074074074076,18.284991218017915,175836808.18791562,87.31136695622266
69,Owen Wilson,7053132.411764706,35.54545454545455,18.274416112332766,251029841.4677262,86.39290499878267
70,Goldie Hawn,2991997.5,41.55,18.27270609190558,131234733.58745189,86.24529760826637
71,Madeline Kahn,3458209.409090909,39.23809523809524,18.26776940539381,180058639.7904747,85.82058082023912
72,Cate Blanchett,4937507.62962963,34.48148148148148,18.26536167816282,319863115.2122486,85.61419682870017
73,Kevin Dunn,6100224.56,43.44,18.261130967679577,241282306.55220616,85.2527530697334
74,Denzel Washington,4472566.861111111,42.666666666666664,18.260189617421382,139818876.02067152,85.1725381297201
75,John Travolta,5420159.681818182,42.627906976744185,18.258833546808305,229328962.07244873,85.05711643139544
76,Paul Newman,4335241.8,52.36666666666667,18.24742135636937,197969879.36624908,84.09194624859707
77,Michelle Pfeiffer,5652879.405405405,37.108108108108105,18.22407144260429,185538163.75991634,82.1511534069732
78,Morgan Freeman,6336417.354166667,60.666666666666664,18.21144868091262,233165815.4533328,81.1206962645041
79,James Earl Jones,3055806.5142857144,58.529411764705884,18.21074183531559,397038497.4851833,81.06337671794266
80,Dom DeLuise,2070590.423076923,50.23076923076923,18.20997318073897,156217716.2392178,81.00109092362916
81,Samuel L. Jackson,4569980.0,51.56521739130435,18.202691290376972,285232763.1931226,80.41339223596248
82,Patrick Stewart,3808412.0,57.03703703703704,18.199627717539315,197161875.4706334,80.16741692574702
83,Ben Stiller,7591386.7441860465,35.76744186046512,18.19796276920532,227923753.71649745,80.03405337101742
84,Alan Rickman,6452035.275862069,55.41379310344828,18.197410548472,528640585.16393554,79.98986910823025
85,"Cuba Gooding, Jr.",4888876.56,31.32,18.19675623825536,210531688.090792,79.93754803861695
86,Charlton Heston,6336593.214285715,51.0,18.19190419885778,230947620.0422,79.55062734250114
87,Kevin Costner,3304074.730769231,39.76923076923077,18.18329212424656,211554019.25236398,78.8684730026473
88,Judi Dench,7319780.178571428,66.0,18.181464806870256,230767543.05340028,78.72448686573723
89,David Warner,2999717.565217391,46.27272727272727,18.169752554531886,296827364.70642895,77.80782438024241
90,Ian McKellen,6083637.074074074,60.22222222222222,18.162593664894366,406183580.67116815,77.25279581710195
91,Daniel Craig,9226728.15,37.45,18.16249422389557,229754233.58814597,77.24511410387112
92,Steve Martin,4182842.4864864866,47.972972972972975,18.16070221773623,140938302.29762414,77.10681433764441
93,Elizabeth Taylor,6354685.409090909,25.772727272727273,18.154410960243386,147232592.3709118,76.62323825999518
94,Johnny Depp,6395319.880952381,37.41463414634146,18.152318083010538,252030159.29924387,76.46304292219453
95,John Michael Higgins,10397456.9,42.2,18.142492155562557,144445504.31089038,75.71540175921633
96,Michael Sheen,11913272.545454545,37.0,18.141209851938417,297836360.0376295,75.61837384805357
97,Gene Hackman,3061034.0,58.041666666666664,18.139486147230542,171990268.13897467,75.48814237359753
98,Dan Aykroyd,3962786.463414634,41.575,18.13563181262039,185720764.6958088,75.19774581605031
99,Anthony Anderson,5252917.111111111,32.88461538461539,18.135511131404446,146913772.87988308,75.18867140821536
100,Kristin Scott Thomas,10463905.1,42.9,18.129878593185285,174201739.09727126,74.76635880530436
101,Tim Curry,5515994.516129033,50.67741935483871,18.128220670890364,177982208.66349834,74.64250469074976
102,Michael Caine,7609177.575,62.575,18.124188773148063,213873382.79431728,74.34215963176237
103,Zach Galifianakis,17051378.285714287,37.85,18.12041360698153,219872721.32959548,74.06203471771457
104,David Cross,6652577.5,39.22727272727273,18.117526596420337,250774962.61167514,73.84852519172648
105,Kurt Russell,3377912.290322581,41.645161290322584,18.11625738613537,158335275.0556733,73.75485533996746
106,Bruce Campbell,3433724.619047619,40.523809523809526,18.110265041910907,296320203.0300933,73.31421241913242
107,R. Lee Ermey,4788913.0,51.86206896551724,18.0958366083672,201909463.2424471,72.2639978722143
108,Will Ferrell,6572528.419354838,37.41935483870968,18.090803614075437,145026595.9818412,71.90120731065741
109,Jack Black,6930455.052631579,32.39473684210526,18.086756539006217,184133601.32419878,71.610805761907
110,Fiona Shaw,4801399.8,41.95,18.079474655365864,380061360.26702845,71.09123821802876
111,Jason Flemyng,10066242.0,36.73913043478261,18.07415600165173,163997263.67273137,70.71413227676203
112,James Franco,11025856.153846154,28.384615384615383,18.07159091543692,271486705.99724483,70.53297686981385
113,Dabney Coleman,3437188.36,55.2,18.067038422519936,170986114.54705372,70.21260578905057
114,Keanu Reeves,4327807.25,33.15625,18.06649549992193,210423138.17000166,70.17449612493795
115,Jean-Claude Van Damme,5167327.65,33.63157894736842,18.066226957902835,123875764.17225614,70.15565385414344
116,James Cromwell,5622494.277777778,57.333333333333336,18.065228188033327,197661198.82505858,70.0856194808311
117,Glenn Close,4999030.583333333,49.0,18.06071301939541,190764408.3001825,69.76988442469477
118,Anthony Hopkins,4368878.720930233,59.27906976744186,18.051663969068166,181371104.79410324,69.14138119663973
119,Laurence Fishburne,5038569.368421053,34.526315789473685,18.050766583856095,170443642.46019676,69.07936257507065
120,Al Pacino,4062871.566666667,53.86206896551724,18.049462880231868,236450838.71989197,68.98936223935151
121,Brendan Gleeson,9061492.424242424,48.60606060606061,18.036835194846248,286795422.5600544,68.12366366619663
122,Robert Duvall,5899985.23255814,58.95348837209303,18.036786737749754,193108913.23291206,68.12036267123182
123,Nicole Kidman,5501385.382352941,33.8235294117647,18.034895656684128,181879946.11761194,67.9916632720536
124,Carrie Fisher,3948169.1481481483,34.888888888888886,18.030194837501792,379205085.4545898,67.67279681107802
125,Chevy Chase,3396382.6,45.1,18.025278184391183,87126860.30071057,67.34088974869066
126,Alec Baldwin,5731933.045454546,41.116279069767444,18.02527155618058,157114014.90049198,67.34044340057046
127,John Rhys-Davies,2343547.35,50.75,18.02366544146285,567761890.8966914,67.23237373269976
128,David Ogden Stiers,3569256.269230769,52.24,18.023517195600473,189045504.53436178,67.222407550217
129,Bette Midler,4134387.0416666665,47.791666666666664,18.02306307729817,123844178.23982655,67.19188755499218
130,James Remar,4618706.071428572,40.57142857142857,18.021964659864004,132394233.5308892,67.11812333363726
131,John Cleese,4393203.8,57.9,18.02159404013927,282948647.3416604,67.09325264231175
132,David Spade,5626763.409090909,36.27272727272727,18.018029856911127,119851331.83609046,66.85454564695631
133,Eugene Levy,6273077.315789473,52.73684210526316,18.005979795754435,141077823.89705095,66.05377861866198
134,Sandra Bullock,6480915.517241379,35.58620689655172,18.004096795060295,176931905.67954707,65.92951633736979
135,Bill Nighy,11319436.214285715,56.035714285714285,18.003510779796834,227154435.9809594,65.89089195282823
136,Michael Keaton,3821935.9375,44.15625,18.00214134978353,180089693.19648796,65.80072074345658
137,Jennifer Lopez,6232368.0,33.4,17.99613075438911,163500970.44526836,65.40640545635763
138,Ted Levine,4513896.2,42.05,17.9949048250706,173424465.70311594,65.32627095594316
139,James Marsden,12907267.5,32.6,17.993841093284075,209407129.8532123,65.25681827109551
140,Antonio Banderas,9505162.82857143,40.24242424242424,17.992555266178975,231638786.76628733,65.17296320847963
141,Don Cheadle,5324236.862068965,35.964285714285715,17.98769207440181,183087631.13813394,64.85678403284712
142,Jennifer Aniston,8778635.16,34.72,17.985571916260724,138360091.24974194,64.71942305912253
143,Eva Mendes,7200570.409090909,31.318181818181817,17.982584955019195,166252905.2700384,64.52639707495126
144,Vince Vaughn,5078379.44,32.28,17.982546284013683,189646630.55832377,64.52390182254156
145,Walter Matthau,7873365.321428572,58.07142857142857,17.975296495693023,128863961.93109635,64.0578087721453
146,Bill Paxton,5478638.483870967,38.2,17.969896620154778,296736685.7478233,63.71283681857253
147,Tom Kenny,14145135.818181818,45.22727272727273,17.967917063927302,257350216.8923792,63.58683842727351
148,Jude Law,7590074.62962963,31.185185185185187,17.96644588577477,173099846.44436505,63.49335963862674
149,Jennifer Coolidge,5621008.307692308,42.11538461538461,17.964103220283796,166707804.5001686,63.34479002849145
150,Robert De Niro,5390361.033898305,52.40677966101695,17.963644799474913,150342611.86857352,63.31575811353346
151,Tobey Maguire,3496524.727272727,25.09090909090909,17.96192508348136,404837510.3511705,63.20696656375769
152,Richard Gere,6708925.205882353,46.61764705882353,17.958288039274798,148692602.43846625,62.97749757957528
153,Diane Keaton,7313477.7272727275,44.71875,17.956397593324212,187372568.2598531,62.85855448746443
154,Terence Stamp,4038495.7083333335,58.04347826086956,17.95495727013213,249748397.69070342,62.7680830233299
155,Liam Neeson,10855425.28,46.6,17.950460392380755,205328424.06894892,62.4864563222945
156,Craig T. Nelson,5473816.090909091,47.63636363636363,17.939924045287658,157205610.54329962,61.83153363506206
157,Alfred Hitchcock,617313.65,,17.939055191392658,84324712.80717418,61.777834398003236
158,Kevin Nealon,6124125.8,47.9,17.93853693771484,120076892.23818786,61.745826103043555
159,Elizabeth Banks,12223423.962962963,32.925925925925924,17.938268228211268,255408258.51110873,61.729236641736506
160,Jeff Goldblum,3754754.033333333,39.6,17.93826396904175,231661063.21594507,61.728973727013305
161,Ralph Fiennes,9449370.214285715,41.035714285714285,17.93689698611271,345780056.7615406,61.64464892211688
162,William Hurt,4637727.838709678,45.87096774193548,17.936316568625827,125831907.46084723,61.60887967146315
163,Brian Doyle-Murray,3081510.9,46.65,17.929840997923485,143472397.33718506,61.211215954617856
164,Ving Rhames,7655728.972222222,41.25714285714286,17.929424986926108,189975871.66728026,61.185756711647635
165,Robert Patrick,8842869.21875,43.03225806451613,17.926664014102244,166334980.18059227,61.01705749430221
166,Danny Glover,6726002.236842105,52.0,17.923538808115563,166135542.18110934,60.82666428489309
167,Robert Prosky,5441595.45,60.3,17.9179940289631,130945122.24901178,60.49032718403626
168,Terry Crews,8699451.461538462,37.53846153846154,17.904449406566403,157287653.47960418,59.67653225748285
169,Cary Elwes,4049858.2916666665,34.875,17.899271589907638,179122606.4048264,59.368336693240494
170,Kevin Spacey,6355488.8,40.27272727272727,17.89758056709181,158925569.62903982,59.26802831713398
171,Paul Giamatti,8838027.416666666,36.111111111111114,17.891669770208054,161523658.85770103,58.91874034212511
172,Gregory Peck,5513786.416666667,44.78260869565217,17.890343819381766,102705937.00936808,58.840668760662005
173,David Thewlis,9291221.538461538,39.84615384615385,17.88636442439158,328934680.43961906,58.60698376899733
174,Nicolas Cage,7175211.238095238,35.87096774193548,17.885241116149583,145052147.1613502,58.541187023023205
175,Edward Norton,7320058.16,34.48,17.883237932465722,124259636.57936326,58.4240356493798
176,Jean Reno,3608283.782608696,52.56521739130435,17.88288378925728,193922221.03771874,58.40334883720812
177,Hank Azaria,6296853.903225807,38.935483870967744,17.88266590037604,279917154.7256406,58.39062478313451
178,Miriam Margolyes,7689470.28,57.43478260869565,17.881067729970603,266045658.71523663,58.297381144109835
179,Stellan Skarsgård,7387161.857142857,50.714285714285715,17.875866131130476,348374151.84216756,57.99492885365447
180,Bruce McGill,7083495.612903226,49.096774193548384,17.87395264851875,126381154.15047061,57.88406266980945
181,Roddy McDowall,2814179.2608695654,46.08695652173913,17.871642123908725,156187909.54167628,57.750474507281524
182,Christopher Plummer,7045119.34375,65.4375,17.868775181048672,232832986.76862082,57.58514430609055
183,Seth Rogen,10689368.576923076,25.73076923076923,17.868630759765516,210281546.57771206,57.57682838617148
184,Frances McDormand,6221805.464285715,42.84615384615385,17.86316352946159,155460132.97232428,57.262901542346555
185,Thomas Haden Church,10672638.5,44.8,17.86012163665462,184227367.7468428,57.08897859562948
186,Hugh Grant,10816179.92857143,41.07142857142857,17.855373284748143,156892785.61629003,56.81854260602265
187,Sean Astin,6772862.45,24.736842105263158,17.854721851878555,329034712.1161782,56.7815411930438
188,Kristen Wiig,15860501.6,35.35,17.85444602064695,220305264.99403915,56.76588123045678
189,Amanda Peet,7277301.2,31.45,17.850150043710396,150792877.4156397,56.52253938363624
190,Anna Faris,9590911.80952381,29.428571428571427,17.84753367289661,172717657.41135895,56.37484875225057
191,Cliff Curtis,8231351.428571428,34.904761904761905,17.844036064663012,136146027.87082165,56.17801603960389
192,Austin Pendleton,4966132.380952381,53.6,17.841712609287526,185975935.1427936,56.04764044584176
193,Pierce Brosnan,8178911.384615385,46.92307692307692,17.841447398827718,217471687.6818156,56.0327779962736
194,Bob Hoskins,6492167.193548387,54.56666666666667,17.84015483493801,145169199.22409126,55.96039883821567
195,Kirsten Dunst,6558819.0,19.678571428571427,17.83648286836444,221645992.86020106,55.755290929392224
196,Dean Martin,5345482.9130434785,41.90909090909091,17.8363848373227,107383408.79987998,55.749825448037825
197,Bob Gunton,7545772.85,53.75,17.834953434150098,130961548.7153604,55.67008205710644
198,Cheech Marin,5923726.5,49.333333333333336,17.829268936602823,168799784.33442348,55.35452335825475
199,Danny Huston,10995391.61904762,44.76190476190476,17.827015151366012,163157224.64938387,55.22990663313662
200,Ned Beatty,6104875.75,52.354838709677416,17.82361534355529,189260183.80204487,55.0424543965274
201,William Holden,5023221.045454546,41.05,17.821910787385438,110344009.13824116,54.94871135911604
202,Michael Gambon,5789097.633333334,61.13793103448276,17.819737771405496,325591598.6011355,54.829436571200155
203,Tom Sizemore,2470160.625,33.208333333333336,17.815772286876335,132637306.18270522,54.61244181775799
204,Ewan McGregor,6658910.0625,32.15625,17.812268873859228,225883248.13818878,54.42144664104645
205,Bill Murray,4344843.189189189,46.0,17.8116406977532,141910380.17754647,54.38727112385663
206,Philip Bosco,2933217.8260869565,62.56521739130435,17.811263364474947,123170701.98595332,54.36675286790195
207,Stephen Root,14724323.771428572,52.25714285714286,17.810861554225568,174238674.30840075,54.34491213758269
208,Lance Henriksen,2462982.1,51.06666666666667,17.807928786727263,177765856.78952295,54.18576463095543
209,Clint Howard,4215877.037037037,35.81481481481482,17.80176715819442,213146978.1610578,53.85291856749175
210,Justin Long,10448210.148148147,28.62962962962963,17.796175001449917,143177111.14445102,53.552605088359286
211,Danny DeVito,4718719.960784313,51.10204081632653,17.795977907930546,161257364.38560638,53.54205125703094
212,Catherine O'Hara,7235056.0,45.758620689655174,17.79589254332534,169488348.68436825,53.537480856041526
213,Elijah Wood,6111764.892857143,19.25,17.794366406220483,300085518.55679053,53.455837635227084
214,Jane Lynch,12483969.74074074,44.111111111111114,17.7919056470213,215600780.58336583,53.32445740486725
215,Chris Cooper,7594015.714285715,50.7037037037037,17.78784003076773,143899868.32555804,53.10810073374603
216,James Stewart,1700794.2333333334,46.827586206896555,17.78658965169054,81582221.5880991,53.04173697433384
217,Lily Tomlin,2547889.5217391304,54.04545454545455,17.78179312146537,86490971.88479197,52.7879298630863
218,Angela Bassett,4818197.72,39.96,17.778654807201704,124631501.51880242,52.62252443271502
219,Shirley MacLaine,7575324.307692308,52.34615384615385,17.777849642050345,106879799.30213276,52.5801716626406
220,Christine Baranski,3969722.95,44.6,17.775126769238813,160572531.57664976,52.43719728165684
221,Greg Kinnear,7887461.5,39.607142857142854,17.774373735524144,108310754.7107829,52.397725167982415
222,Ice Cube,7660408.05,32.65,17.768922082334154,81045519.16566178,52.11284817326807
223,Laura Linney,4729409.478260869,37.36363636363637,17.767811408673843,136151567.49133268,52.05499993664141
224,Jay O. Sanders,6563588.2272727275,43.95454545454545,17.766450375303926,133075202.20861273,51.98419953643951
225,Jason Lee,3875463.1363636362,32.285714285714285,17.76309313398479,154642551.16100404,51.80996866500119
226,John Candy,2364002.65625,37.38709677419355,17.76291609419063,142221841.8224089,51.800797050707615
227,Joan Cusack,5829530.189189189,35.4054054054054,17.761915929635613,155942652.71933332,51.74901362986365
228,John Leguizamo,9003077.864864865,35.97222222222222,17.75985090573435,187728113.88088486,51.64226094121364
229,Toby Jones,17417864.227272727,42.40909090909091,17.7592537682754,262424962.89831525,51.61143261803011
230,Jane Fonda,5119024.347826087,42.43478260869565,17.758674372850983,117064105.57827578,51.58153785140543
231,Dan Hedaya,3507749.2162162163,52.97222222222222,17.756769455556164,120918230.03193665,51.48337281568042
232,Peter Stormare,7441566.2,48.92,17.756336565819037,199649677.64253598,51.4610910150852
233,Luis Guzmán,6417064.314285714,42.91428571428571,17.755853858419435,124070114.02558254,51.43625636007873
234,Renée Zellweger,4477512.285714285,32.214285714285715,17.75546631674644,166637021.32974336,51.41632652930571
235,Amy Adams,12627971.409090908,32.54545454545455,17.748111280818968,138291902.60104546,51.03954492010764
236,Jodie Foster,5840285.962962963,30.814814814814813,17.741949018246572,133861960.19560833,50.725992929802594
237,Jeremy Piven,4936205.193548387,34.03225806451613,17.738505618579953,110789410.10361688,50.55162344686048
238,Christian Bale,6549389.724137931,28.344827586206897,17.73720415765143,255177863.5652448,50.48587527768797
239,Orlando Jones,3757984.0476190476,33.333333333333336,17.736986768141758,91088750.40060209,50.47490137086533
240,Burt Young,5281767.333333333,49.19047619047619,17.732826640046042,237768244.75907856,50.26535548661573
241,Drew Barrymore,5778391.52631579,23.07894736842105,17.73203693409483,237901506.34638757,50.22567630575285
242,Jason Statham,9800108.407407407,37.888888888888886,17.73096479902143,114798888.38651837,50.17185645283157
243,Giovanni Ribisi,6229958.833333333,28.166666666666668,17.72168801439337,299331904.17256045,49.708575149012965
244,Keith David,6128514.023809524,42.951219512195124,17.720700707814533,141429076.66268286,49.6595217650928
245,Meg Ryan,3437656.5,33.06896551724138,17.706990751900676,136019294.45226184,48.983337729077554
246,Matthew Lillard,4416624.0,31.05,17.70695904468254,114497950.38247935,48.981784628325606
247,Faye Dunaway,4509316.80952381,44.095238095238095,17.70636463541494,142838353.5890397,48.95267805306486
248,Tom Skerritt,6559898.1,55.73684210526316,17.704366259057057,160675406.8844897,48.854949859967086
249,Miranda Richardson,3659905.652173913,42.95652173913044,17.703274681003055,210805465.21661377,48.80164996466101
250,Debbie Reynolds,11863453.714285715,36.857142857142854,17.702776190296614,100754893.64426535,48.77732885812106
251,Christopher Lloyd,7546268.875,52.60526315789474,17.70247263431634,161702304.20663357,48.76252445534056
252,Dennis Quaid,7445811.18,41.95918367346939,17.692490215693045,96845590.33613718,48.27817801957259
253,William Fichtner,4561328.434782608,44.69565217391305,17.689029476978895,218866608.99204776,48.111388633559955
254,Penélope Cruz,7993905.434782608,29.863636363636363,17.68589788855818,167038519.3280105,47.960959230435556
255,Brad Dourif,9132356.586206896,43.892857142857146,17.683882908337093,188232856.81601074,47.86441614507051
256,Richard Jenkins,8465790.36,53.244897959183675,17.682767686330365,106346454.5547459,47.81106644875337
257,Jack Lemmon,6369819.555555556,50.15384615384615,17.678889931972257,93521025.66035992,47.62602588027224
258,Crispin Glover,6131037.916666667,33.90909090909091,17.67828140699748,184466027.58617568,47.597053070308036
259,Carol Kane,5445858.107142857,37.42857142857143,17.6767496011197,97418389.22208741,47.524199437706635
260,Gwyneth Paltrow,7214000.903225807,28.419354838709676,17.675964365333122,216733538.4789612,47.48689638334311
261,Salma Hayek,8018793.518518519,36.5,17.675097781734305,126029961.23545279,47.44576284317834
262,Richard Dreyfuss,7034259.277777778,43.4,17.674927343862276,254159704.846807,47.43767697741101
263,Sarah Jessica Parker,7602883.925925926,32.55555555555556,17.67415721906318,108459567.4574776,47.401158109806886
264,Charlie Sheen,3785494.0,26.933333333333334,17.672633082474253,126632437.86958976,47.32896729867743
265,Ian Holm,3689406.214285714,64.29629629629629,17.671239117055713,259532000.43280968,47.263038317003904
266,Viggo Mortensen,5956613.821428572,39.51851851851852,17.66974381348572,243525496.58961916,47.19241853924112
267,Matthew McConaughey,7355550.928571428,32.714285714285715,17.666538195605312,125891939.09440613,47.04137989398221
268,Peter Boyle,3320588.0,54.76,17.66476081091479,137088368.31524846,46.95784352566024
269,Ben Affleck,6875332.777777778,29.41176470588235,17.65928066986461,154342984.80162612,46.70121175115088
270,J. K. Simmons,9839823.55263158,49.63157894736842,17.654737288896417,200670259.78138188,46.48951163579148
271,Joe Pantoliano,5921038.5,42.88235294117647,17.653688008279126,145537815.4869404,46.4407566756153
272,Joan Allen,5654450.6,41.1,17.65346586942279,128340146.60124965,46.430441524780264
273,Whoopi Goldberg,6660491.15,40.8,17.65261689082176,187014592.47960943,46.391039801466064
274,Colin Firth,8937798.333333334,41.916666666666664,17.6512544832545,173382794.94897565,46.3278793327074
275,Donald Sutherland,7119742.32,57.14,17.649708269452063,140885794.4956858,46.256301877530525
276,James Hong,6436554.64,59.48,17.64475008249583,133896540.21155117,46.02752212000852
277,James Rebhorn,3986668.925925926,49.44444444444444,17.641474964782265,156189381.37142146,45.87702315244504
278,Jeremy Irons,4983920.148148148,50.791666666666664,17.63641184185144,180298270.06965238,45.64532918699878
279,Scott Glenn,6759782.064516129,54.733333333333334,17.635646594397414,137986168.62365198,45.61041257667774
280,Mark Strong,14180864.869565217,44.869565217391305,17.634626233392225,134420810.2688427,45.563897225514886
281,Richard Schiff,7920649.625,44.95652173913044,17.634613862483736,219502982.63554582,45.56333356219841
282,Colin Farrell,9834987.875,29.625,17.634391667426247,123333430.56546485,45.5532107393404
283,Jeff Bridges,5556237.0,43.17948717948718,17.63315511139526,111866884.97307885,45.49691645456177
284,Jason Robards,7262341.619047619,60.285714285714285,17.631234477793754,96837876.85536289,45.40961740962967
285,Fred Astaire,4456433.545454546,,17.629166491039793,79059716.88577682,45.315807954111726
286,John Cho,7260558.0869565215,31.818181818181817,17.629074012963944,168780476.2606039,45.31161742915539
287,Dakota Fanning,7584244.2727272725,11.318181818181818,17.62766104519601,247613157.8401578,45.24763878474058
288,Helen Mirren,9313517.347826088,54.21739130434783,17.625877446267236,122424375.9460285,45.16700707336719
289,M. Emmet Walsh,4745725.025,53.875,17.624830858318653,106601691.53205928,45.11976055622098
290,Ciarán Hinds,10985016.966666667,52.172413793103445,17.622092973074988,167203970.18172428,44.996396784582785
291,Wesley Snipes,4688257.7,34.07142857142857,17.6210150461376,92021207.01458298,44.94792008826556
292,Tony Shalhoub,5347782.586206896,46.57142857142857,17.61355337375222,175826983.11986375,44.613781600431736
293,Jon Lovitz,4520112.379310345,40.51724137931034,17.612890396187737,98471045.17233846,44.584213466751486
294,Kathy Bates,7490444.886363637,51.02272727272727,17.611509969127717,214030139.0943959,44.52271067185996
295,Joe Pesci,3546490.4166666665,48.875,17.610787713368655,206100489.99054185,44.490565497584186
296,Stanley Tucci,7791452.097560976,39.63414634146341,17.60770271345179,127988714.30093654,44.353523602528476
297,Edward Herrmann,4747578.045454546,49.09090909090909,17.60641550576923,78704894.21913208,44.29646813519464
298,Spencer Tracy,6217986.75,50.0,17.606289415062076,93747876.7692968,44.29088311432
299,Clark Gable,6619292.2,46.2,17.60197537220248,456448892.4896901,44.10022190229474
300,David Koechner,9268308.466666667,43.93333333333333,17.60097974296006,88336858.37834185,44.05633628230008
301,Ernest Borgnine,6885356.9655172415,58.55172413793103,17.600867853042338,154109028.72468528,44.05140709822645
302,Annette Bening,7928127.7,38.611111111111114,17.589490210113496,96077073.33231933,43.55304637899253
303,James Caan,7100102.352941177,51.54545454545455,17.587360544762955,195956277.15938812,43.460391661998294
304,Brian Cox,6834254.472222222,55.77777777777778,17.584584269854858,153089217.34936908,43.339901002121024
305,Viola Davis,15008850.95,41.89473684210526,17.582229604794616,126676419.09730344,43.23797010517365
306,Will Arnett,9941889.0,37.095238095238095,17.581843676593987,231966072.25007603,43.22128657270202
307,Bruce Greenwood,6172671.107142857,45.77777777777778,17.563600903772883,133746570.70381738,42.43995892076625
308,John Wayne,3257182.189189189,48.08108108108108,17.562031409961016,78049481.45334888,42.373401911933485
309,Loretta Devine,9350744.545454545,53.22727272727273,17.561271034824067,92807084.92969361,42.34119447706985
310,John Mahoney,4066773.304347826,53.54545454545455,17.560392909355798,104754849.86145055,42.304029915804634
311,Cary Grant,3660141.8695652173,45.78260869565217,17.559749079351697,50850643.41369909,42.276802078040426
312,Sharon Stone,3191978.206896552,36.241379310344826,17.557805166912893,122047770.95537096,42.194699502570984
313,Kate Beckinsale,9733163.38095238,30.952380952380953,17.55565097366526,151428791.1128189,42.10390179882935
314,Charles S. Dutton,4614569.2272727275,45.27272727272727,17.549110053244785,102973770.84421176,41.8294022463095
315,Cary-Hiroyuki Tagawa,5775723.15,45.75,17.547741652461827,136773301.78853863,41.77220200487827
316,Robert Wagner,8338746.176470588,40.27272727272727,17.54637053387989,97591701.3642595,41.714966609724634
317,Ed Lauter,7151365.95,52.65,17.540987290655796,65654684.89938285,41.4910081506546
318,Martin Short,9482013.966666667,49.06666666666667,17.534935855421008,115986836.99761638,41.2406861695292
319,John Goodman,7452981.915254237,46.10344827586207,17.534925090278843,119173812.9920975,41.240242210069276
320,Robert Downey Jr.,7442276.422222222,33.95454545454545,17.533475318490034,247435540.59834912,41.180496589571625
321,Michael Clarke Duncan,5749671.37037037,45.629629629629626,17.531365095729885,220709937.86478418,41.09368819313451
322,Gary Busey,5001311.238095238,46.476190476190474,17.53096498511372,118365407.83578843,41.07724946110593
323,Kate Winslet,4788723.590909091,27.0,17.530615039044378,262902188.6032049,41.062877154030495
324,Olympia Dukakis,4475779.85,59.8421052631579,17.528040478465634,119761119.46634491,40.95729426235542
325,J. T. Walsh,6155581.740740741,48.18518518518518,17.525552082223268,103919396.34536265,40.85550298625523
326,Sigourney Weaver,8600869.863636363,50.02272727272727,17.524512810883383,225230674.9758789,40.81306508898994
327,Charlize Theron,7727752.933333334,27.517241379310345,17.524019082413087,121490920.20629716,40.792919490432475
328,Peter Sarsgaard,5824657.05,32.7,17.522000907947096,113027997.40457079,40.71067528142018
329,Demi Moore,7775310.766666667,32.6,17.516029549562845,150971389.1707096,40.46830161944439
330,Timothy Spall,7751904.185185186,45.407407407407405,17.51586323838514,401931771.0109693,40.46157184817598
331,Geoffrey Lewis,5124913.28,51.125,17.511863311759182,79719086.03503282,40.30005177917677
332,Vanessa Redgrave,8177679.478260869,60.22727272727273,17.510989594917923,178782289.3452351,40.26485632290411
333,Burt Lancaster,4920114.24,48.25,17.51041231024262,90794040.65132092,40.24161874638941
334,Chris Evans,11158422.7,26.1,17.509735803736667,300098550.39347595,40.21440423593197
335,Emilio Estevez,4350193.833333333,28.666666666666668,17.507485200744963,100235200.67306982,40.12399934836417
336,Gary Cole,8384744.090909091,45.31818181818182,17.506525307666756,94873654.26163596,40.085503078227184
337,Julianne Moore,7287851.948717949,40.21052631578947,17.505400312480162,126560009.38147418,40.04043243709267
338,Henry Fonda,7310515.956521739,53.54545454545455,17.502667119136007,98482910.21926256,39.93114361543389
339,Jeffrey Wright,7759569.2,38.65,17.497038100473954,148163797.85280102,39.707001903608024
340,Burt Reynolds,5730884.2,52.45,17.4920753992766,135602279.48969883,39.5104360698919
341,Jessica Alba,9618793.8,25.0,17.489666798153515,143679193.70609066,39.41538570436068
342,Rachel Weisz,9053643.038461538,34.4,17.488647518091707,176771567.8846685,39.37523085557864
343,Jim Broadbent,8764606.341463415,52.975,17.48848344917647,181874924.4790434,39.36877113409925
344,Donald Pleasence,6372967.1,59.9,17.486868993299034,81962207.4250859,39.30526326927141
345,Halle Berry,8899891.3,35.6,17.48611024382363,184070614.72227076,39.27545173255943
346,Gérard Depardieu,6496722.076923077,48.15384615384615,17.48191383845095,94115271.85924241,39.11098134945181
347,Jamie Lee Curtis,5442269.1034482755,33.13793103448276,17.48148105747446,106666034.3838754,39.09405852295478
348,Emily Mortimer,7935472.76,32.92,17.480102109874334,139896436.4685256,39.0401870163041
349,Kevin Bacon,5375150.325,37.225,17.47140292163833,150149338.27289814,38.70204200667433
350,Brian Dennehy,7907005.40625,53.53125,17.461008333273632,129943070.73681995,38.30183381430199
351,Steve Zahn,5981501.264705882,34.294117647058826,17.459579798302123,124905981.06470993,38.24715736813129
352,Eli Wallach,6498549.714285715,75.35,17.44892210237799,106447107.18294904,37.84169527867874
353,Hal Holbrook,5787054.636363637,67.0,17.448184781762492,128791312.34612006,37.813804100258444
354,Alfre Woodard,3294547.0416666665,45.416666666666664,17.447252341715963,93406244.00056994,37.7785614283965
355,Molly Shannon,5721357.318181818,38.31818181818182,17.44719604897719,123593013.78161283,37.7764348295634
356,Kevin Kline,5434811.485714286,49.51428571428571,17.446080353586915,92589536.90480304,37.7343113382251
357,Tom Wilkinson,9195343.638888888,55.22222222222222,17.44350280983663,149573233.14760134,37.63717474055821
358,Randy Quaid,3048381.0588235296,38.484848484848484,17.442928612527226,132708605.48101248,37.61556977943746
359,David Paymer,5260625.419354838,42.38709677419355,17.4376729602313,89433781.35771348,37.41839402124031
360,Daniel Stern,4936414.666666667,32.5,17.434062192274336,134064263.43724142,37.283528513661345
361,Bruce Dern,4438643.925925926,48.2962962962963,17.429995550876466,70118986.20440215,37.13221764519601
362,James Woods,5183926.902439024,47.829268292682926,17.427977836563795,98020057.31195247,37.05737097318554
363,M. C. Gainey,4168991.8260869565,53.0,17.42741991126124,154906735.66131467,37.036701494822076
364,William Forsythe,2141584.8695652173,39.714285714285715,17.420682178716582,87860691.2081895,36.78799689920792
365,Woody Allen,2932076.275862069,55.370370370370374,17.413839221090136,73937189.35744213,36.537117552607576
366,Susan Hayward,6656389.0,35.25,17.410924733428153,54894865.73495356,36.43078560114381
367,Casey Affleck,5961348.45,27.2,17.40777255375154,178575261.78368962,36.316130021599655
368,Kristen Stewart,13357994.80952381,16.857142857142858,17.401402695670214,237075424.95196706,36.08553663058191
369,Susan Sarandon,8079192.142857143,48.69565217391305,17.39864541556622,100643363.8698766,35.98617574423607
370,Tim Robbins,2832162.0303030303,37.42424242424242,17.396752320470245,124575338.21942408,35.91811493453067
371,Mike Epps,10240695.92,34.44,17.396204518947922,117471808.13885923,35.89844432477744
372,Philip Seymour Hoffman,7110875.594594595,34.78378378378378,17.390538552183315,117051856.69059643,35.69562007267623
373,Oliver Platt,8100086.205128205,40.02564102564103,17.386143873127352,129106932.92368767,35.5390934727575
374,Rip Torn,4943061.352941177,60.72727272727273,17.379299820476387,149597334.5935741,35.296692494583425
375,Seth Green,3989600.5,25.0,17.37822751349709,111081384.57603253,35.25886389043829
376,John Lithgow,6570380.666666667,46.75,17.37550218827838,130091528.71078841,35.16290284142304
377,Penelope Ann Miller,7052275.428571428,30.666666666666668,17.37277942520882,98808797.46669577,35.067292808947236
378,John C. Reilly,8329052.55,36.82051282051282,17.369084381177327,115067990.01339364,34.93795671638727
379,Tom Berenger,7490559.916666667,42.130434782608695,17.368703787968837,132298052.97658704,34.92466209742381
380,Jeffrey Tambor,7613659.447368421,55.5,17.368536032569345,184268136.34321848,34.918803788176795
381,Brendan Fraser,4938024.724137931,30.96551724137931,17.36805588092142,143037777.44805455,34.90204149153858
382,Christopher McDonald,6596368.212121212,43.78125,17.363308954272906,72010888.50346953,34.73675666852806
383,Naomi Watts,9551411.260869564,35.82608695652174,17.362171698177686,96922190.37532477,34.697274535182366
384,John Malkovich,6010431.6,44.65,17.361251871785658,133729948.73234329,34.66537374017926
385,David Morse,6840971.928571428,46.357142857142854,17.36120569585452,109733689.0010874,34.663773071224995
386,Clark Gregg,8317324.714285715,42.666666666666664,17.361146549476832,241880200.06195998,34.6617228952417
387,Fred Willard,4218039.75,58.625,17.350717259301028,114617626.06050348,34.3021042722996
388,Beth Grant,9383860.80952381,52.857142857142854,17.350564115771014,155191991.47221467,34.29685152918652
389,James Mason,4672410.16,52.82608695652174,17.34710237187954,68209085.63862577,34.17832987707151
390,Jennifer Tilly,6941333.695652174,37.26086956521739,17.346255557295176,136548676.8697117,34.14939941995775
391,Keenan Wynn,4472858.076923077,44.88,17.34609864021671,46499133.141997404,34.14404121637718
392,Famke Janssen,5448527.047619048,35.142857142857146,17.344299670401767,186473167.96601215,34.08267233380309
393,James Gammon,4257427.636363637,53.0,17.342288798114343,60236985.59219215,34.01420529483244
394,Paul Rudd,8694965.6,35.4,17.340950482794444,116131008.73957783,33.96871401042352
395,Jack Warden,3545265.4857142856,61.75757575757576,17.33958026718572,90787952.4217782,33.92220142169297
396,Celia Weston,5780939.090909091,49.5,17.33857928552626,106402954.53623347,33.88826290896954
397,Xander Berkeley,6980146.153846154,40.75,17.337245260744297,157180622.24947864,33.843085267178026
398,Martin Landau,7422873.590909091,62.09090909090909,17.336820336569193,102364333.75936918,33.82870757701832
399,Cloris Leachman,7209831.117647059,66.15625,17.330330616737463,116402156.92411126,33.60987957680156
400,Martin Sheen,7028917.678571428,55.67857142857143,17.318223499508242,146367676.47516355,33.20541422005923
401,Kathleen Turner,6476166.7272727275,35.90909090909091,17.316757687779884,112661520.4225989,33.156776989670334
402,Kenneth Branagh,5929332.095238095,37.65,17.311594645019202,147863316.64391285,32.98602830295566
403,Bob Balaban,5098419.703703703,49.333333333333336,17.31081331383377,119713907.34862182,32.960265356366435
404,Colleen Camp,5635441.5,39.76923076923077,17.303574830493645,107012926.27736609,32.7225444321339
405,Rosario Dawson,7264984.583333333,24.772727272727273,17.299986901942365,109023499.76760162,32.60534865146311
406,Ron Perlman,8297039.083333333,50.0,17.29727384364587,117206831.30473423,32.51700833020196
407,Harvey Keitel,4368071.256410256,54.37837837837838,17.29412614686813,118723057.69969548,32.41481556815031
408,Helen Hunt,4928723.565217392,34.68181818181818,17.293466434966543,150943574.89889628,32.39343818076601
409,Diane Lane,6830763.76,32.88,17.29125270706651,90931162.10820724,32.32180723784845
410,Leslie Nielsen,5218353.333333333,59.86206896551724,17.28880941211067,92410494.96392918,32.24293192632444
411,Albert Finney,6836482.666666667,57.55,17.285616957556826,129843183.3716829,32.140161962969664
412,Blythe Danner,9643782.952380951,56.76190476190476,17.284593503597723,146431659.28736624,32.10728481395639
413,Willem Dafoe,4335348.088888889,44.5,17.282285545834696,235171120.95669875,32.03326800341182
414,Reese Witherspoon,6015809.074074074,25.555555555555557,17.27659579265152,109491405.42053021,31.851524143976878
415,Elisabeth Shue,8293091.3,34.53333333333333,17.276183799864818,132934090.33745961,31.838404248620787
416,Jeffrey Jones,3878047.2592592593,47.370370370370374,17.27121458055357,111564353.97485755,31.680584680167737
417,Ed Harris,6360942.925,46.1578947368421,17.271095275368815,139154822.10314146,31.6768052476168
418,Sam Neill,7130749.0,48.76190476190476,17.2687370213491,194470383.3368304,31.60219130820076
419,Milla Jovovich,9467491.05,26.2,17.26572323917851,115230903.37900546,31.50709256291688
420,Dean Stockwell,4549305.7272727275,50.285714285714285,17.260667803859665,97253832.07092474,31.34821243686102
421,John Hurt,7031660.82,56.0,17.260070017792522,183684202.89909476,31.32947851223387
422,Ginger Rogers,8539902.777777778,30.333333333333332,17.258944941133176,34432111.59141486,31.29425026816385
423,Teri Garr,6865499.454545454,40.0,17.256891539090347,190777049.2871656,31.23005652107595
424,Jessica Lange,5308370.923076923,41.73076923076923,17.252139158580768,103810859.50757661,31.081991518440525
425,Katharine Hepburn,3690520.24,40.04,17.245157493561937,66447078.37001593,30.865743230487787
426,Frankie Faison,5400026.576923077,48.2,17.243244131446964,140420043.57515374,30.806742349765017
427,Hector Elizondo,6709422.708333333,59.166666666666664,17.242193301108795,134422565.58518955,30.774386693413756
428,Liev Schreiber,7306668.107142857,34.92857142857143,17.241337067799037,130657253.07490207,30.748047916117873
429,Elizabeth Perkins,11623303.75,35.15,17.240847995751977,194717920.95464483,30.73301358211637
430,Alfred Molina,6955643.6486486485,46.888888888888886,17.232196537846722,172077607.5392663,30.46827504720871
431,Robert Mitchum,8037723.37037037,44.074074074074076,17.23027227062317,74366653.13815999,30.40970231704328
432,Daryl Hannah,2690714.5555555555,31.62962962962963,17.224652533778297,82301074.16774814,30.239287085365056
433,Winona Ryder,5087318.161290322,26.413793103448278,17.21516266696802,116575542.34397998,29.953677619819135
434,Denis Leary,7821397.307692308,41.07692307692308,17.206503429815296,250691620.27110317,29.695421386418882
435,Stewart Granger,12314553.15,39.95,17.205633947666037,41114134.71589483,29.669612969213627
436,Robert Loggia,4505974.172413793,57.172413793103445,17.201554706069793,128841260.25417455,29.548829968852587
437,Adam Goldberg,2454901.0,29.68421052631579,17.198498805184546,125608065.14478448,29.458669504078653
438,Jim Belushi,5944952.846153846,38.16,17.1965441402316,76121765.95373005,29.401143915180672
439,Michael Shannon,10309457.136363637,30.636363636363637,17.193315798590962,126673552.5044114,29.30638002540648
440,Elliott Gould,7648868.75,49.56521739130435,17.18820186173141,151256358.60964528,29.156891611319278
441,Holly Hunter,4651746.2272727275,37.5,17.1878853947675,109822300.05242896,29.147665878250777
442,Fred Ward,4957761.592592592,51.629629629629626,17.186955116978996,63483339.661641054,29.12056306062679
443,Laura Dern,5528728.666666667,30.681818181818183,17.184236299229344,169516876.05092496,29.041497088586205
444,Juliette Lewis,5023596.24,25.208333333333332,17.18354779241673,75570636.26416107,29.021508701851992
445,James Gandolfini,4623732.88,38.0,17.18299555766458,69279335.29131919,29.00548644061895
446,Tony Curtis,17823213.09090909,32.63636363636363,17.182395689982773,76283663.21829592,28.98809220434983
447,Alan Arkin,8927358.09375,59.6,17.178764828167072,67427636.44109362,28.883031293499325
448,Rob Lowe,3436440.15,29.55,17.178055172562964,122549907.3599749,28.86254155966538
449,Luke Wilson,4126190.9677419355,31.838709677419356,17.17794542195259,102078743.01579332,28.859374051933397
450,Sean Penn,7046237.655172414,36.275862068965516,17.177788864478035,74766804.15739605,28.85485625487129
451,Matt Dillon,5329392.333333333,30.14814814814815,17.174722322720488,83137239.77747214,28.766507165577327
452,Philip Baker Hall,6262892.9,70.3,17.170388217081214,124040061.98970123,28.642099876558955
453,Matthew Broderick,6627232.225806451,35.03225806451613,17.167917981684365,159991844.4107131,28.57143446363968
454,John Turturro,6820484.239130435,40.61904761904762,17.160044418971438,154054399.4685952,28.347358777169145
455,Elias Koteas,9252291.793103449,37.67857142857143,17.159397236247184,89568693.43795666,28.329018791591377
456,Billy Connolly,7317751.666666667,60.142857142857146,17.15859309136429,194482557.0253436,28.306247313103718
457,Nathan Lane,6917386.24,43.28,17.15817457688253,154667097.8036754,28.29440321731463
458,Colm Meaney,8969198.476190476,46.04761904761905,17.155945362281415,120398519.83534053,28.23139917139331
459,Anne Bancroft,6111293.678571428,53.0,17.154979913687733,98227797.29473622,28.204156359648817
460,Nick Nolte,6664081.378378378,55.62162162162162,17.149606162425066,103928436.8554018,28.05300073889842
461,Anna Paquin,5460934.8,18.894736842105264,17.148377601144716,135337902.3884859,28.01855707080381
462,Danny Trejo,8726004.689655172,58.107142857142854,17.146330425428626,112396900.64293209,27.961256833008022
463,E.G. Daily,7777532.476190476,36.095238095238095,17.146038222262856,98631612.70458636,27.9530876588299
464,John Carroll Lynch,8229887.0,39.95,17.14136875609727,121712718.54631224,27.822865931370348
465,Uma Thurman,5175838.666666667,28.862068965517242,17.141182302652965,84850021.25752841,27.81767874578638
466,Kirk Douglas,7449848.333333333,47.0,17.140672279010662,59355467.36171385,27.803494689361578
467,Rade Serbedzija,11436801.12,56.916666666666664,17.139902107210297,209274452.1032094,27.78208946570812
468,Kim Basinger,6778824.75862069,41.592592592592595,17.138170875691383,107067281.74097088,27.73403384646769
469,Andy Dick,3457254.35,35.0,17.136817272812955,85455035.55674678,27.696518374676106
470,John C. McGinley,4004296.346153846,36.53846153846154,17.134414597216853,88841778.5095708,27.630052505815616
471,Dennis Farina,5464444.869565218,53.40909090909091,17.13112469838197,98804728.59884495,27.539301790458204
472,Benicio del Toro,4823372.208333333,32.65217391304348,17.131073865122286,78853073.0657432,27.537901913559196
473,Wallace Shawn,4457245.025,51.21052631578947,17.130890404874936,150527557.3031383,27.532850266665015
474,Alan Alda,8502807.15,60.73684210526316,17.12877585479424,98690993.89029984,27.474692186668552
475,Anthony Quinn,7269239.714285715,50.25,17.12641976271786,42922691.66640717,27.410035480592953
476,Kurtwood Smith,3846771.6363636362,49.86363636363637,17.12042349773661,118809850.649791,27.24616942782879
477,Charles Durning,7249019.5,62.85294117647059,17.118975808706487,123904052.99328643,27.20675398477145
478,Dianne Wiest,7126857.357142857,48.666666666666664,17.116261185870194,96780480.74842584,27.132998064149543
479,Steve Guttenberg,4547590.095238095,30.80952380952381,17.114788172624877,68287305.09158881,27.093060220323693
480,Anjelica Huston,8018890.861111111,44.25714285714286,17.111457735351003,78900483.49394949,27.00297857160695
481,Charles Bronson,8070226.84,50.958333333333336,17.11055839333817,53998146.0570245,26.978704575454262
482,Mike Starr,5759059.68,46.208333333333336,17.109925164302375,96694701.42579561,26.961626284174567
483,Michael Rapaport,3094006.56,27.956521739130434,17.107908954685254,82846859.16835694,26.907320758025683
484,Pruitt Taylor Vince,3992613.5714285714,38.526315789473685,17.10116429209579,85547566.6346515,26.726450598082188
485,Andy García,8480436.033333333,42.57142857142857,17.090892305719272,118402525.5119445,26.453322049573572
486,Kevin Pollak,5362915.454545454,40.32258064516129,17.089271025574817,100169198.69980982,26.410468551929018
487,David Alan Grier,6113329.0,43.17391304347826,17.079961813030117,94324919.59247108,26.165748728510813
488,Ben Kingsley,6636464.676470588,57.205882352941174,17.07563657511253,106834301.78425315,26.052820037748617
489,Michael Madsen,5000713.173913044,39.63636363636363,17.073783790492993,116086048.09430303,26.004594463084388
490,Guy Pearce,13662795.409090908,38.04545454545455,17.067265973087043,87817713.54919933,25.835652429403833
491,Paul Sorvino,4990398.857142857,55.095238095238095,17.066493082678512,115705417.0478544,25.815692016042668
492,Steve Buscemi,6263429.8,42.208333333333336,17.05826441200221,134281214.18057278,25.604134799223242
493,Terrence Howard,6303940.428571428,34.96296296296296,17.051075555450208,102435545.98078246,25.420730370932336
494,Woody Harrelson,8943342.853658536,39.85,17.05073170660574,125121019.30839215,25.41199098476875
495,Michael Rooker,4420022.565217392,40.56521739130435,17.05008857558917,117346601.76179679,25.39565299946942
496,Mark Ruffalo,6849248.285714285,37.607142857142854,17.04976653338738,210016725.31921715,25.38747584422676
497,Christopher Walken,4253351.28,54.34782608695652,17.04945808029476,117534332.148695,25.37964620638883
498,Maury Chaykin,5620849.518518519,44.76,17.040922024458045,116017874.45304422,25.163926138382983
499,William H. Macy,5227756.452380952,49.975,17.040047248252094,97699082.4426433,25.14192295988046
500,Rhys Ifans,10692390.590909092,37.04761904761905,17.035164642234772,173923619.55506933,25.01946405811812
501,Joe Mantegna,4771501.407407408,47.44,17.032364753230365,104488416.132348,24.949510312866185
502,David Strathairn,7810249.166666667,50.55172413793103,17.030436292976287,107939883.4788395,24.90144253716343
503,Mickey Rourke,5934988.5,43.827586206896555,17.027288131705312,117884203.34432535,24.823172048880828
504,Sam Rockwell,10380694.42857143,35.25,17.02354224323211,129560944.22072652,24.730361152991563
505,Josh Lucas,8283945.956521739,31.954545454545453,17.011479203241905,100773085.00411585,24.43382994717842
506,Bill Pullman,7078911.193548387,43.0,17.00795562935179,146848043.13110983,24.34788704394518
507,Michael Ironside,4436869.0869565215,43.21739130434783,17.00477333671692,152425299.72413456,24.270528097018477
508,Carla Gugino,9363488.2,31.433333333333334,17.003986920729652,139939847.01612842,24.251448868791904
509,Sean Young,3774694.4,30.1,16.999032298441904,62073166.9085681,24.131589274420733
510,Mia Farrow,4708183.291666667,44.208333333333336,16.998939321957334,54015898.11489785,24.129345708383966
511,Jennifer Connelly,6867346.583333333,29.583333333333332,16.994638351580388,98834615.9848687,24.02578896415741
512,Ethan Hawke,6904241.275862069,28.035714285714285,16.989444720831738,66831283.3956533,23.901331361007653
513,Jerry Lewis,5579640.136363637,35.5,16.980596582468635,33509690.97180059,23.690781932948873
514,Dylan Baker,6997620.88,41.8,16.97676900790136,172873296.3758501,23.60027701619611
515,Alan Cumming,8567106.629629629,36.7037037037037,16.976180350815024,143292107.1679218,23.58638863403937
516,Jonathan Pryce,6570958.4,51.241379310344826,16.97563422653735,164180150.36252144,23.573511051283965
517,John Cusack,4772283.255319149,30.425531914893618,16.973663961518476,78369351.66956653,23.527110712580015
518,Dennis Hopper,4666863.72972973,53.02777777777778,16.97198901779864,95778166.3107673,23.48773710973555
519,Stephen Tobolowsky,6167001.918918919,45.97222222222222,16.96886158138716,94408474.87525338,23.41439545094103
520,Aaron Eckhart,5472909.130434782,35.82608695652174,16.967941688342442,124770895.94245581,23.3928666150508
521,Marshall Bell,5520641.407407408,54.666666666666664,16.96613013524455,116848587.63655166,23.35052755637097
522,Kiefer Sutherland,6919280.277777778,28.558823529411764,16.965184942262376,91006102.83323969,23.328467228870327
523,Bridget Fonda,3960238.230769231,29.192307692307693,16.954446301924474,63198940.118203945,23.079291508427126
524,Zooey Deschanel,8147316.80952381,25.095238095238095,16.94939437185126,102104623.84449743,22.96299056106657
525,Glenne Headly,4348687.45,39.35,16.942916772171944,76286705.07286474,22.81472621772549
526,Clifton Powell,6965290.35,45.21052631578947,16.942500167141763,69330547.67829496,22.805223467605153
527,Kelly Preston,7151453.806451613,34.0,16.93504109011028,84843103.20481013,22.63575039116483
528,Shelley Winters,7317907.695652174,47.904761904761905,16.930961578821552,67280842.78947413,22.5435956927878
529,Richard Widmark,5387837.608695652,45.86363636363637,16.92856697969653,47520546.30170676,22.48967740037933
530,Sam Shepard,8947544.030303031,53.758620689655174,16.92528558673168,76738601.44035447,22.41600087809646
531,Ryan Reynolds,10880548.476190476,30.476190476190474,16.920861977636797,114498441.7635561,22.317060251411007
532,Jared Harris,4624450.9130434785,38.17391304347826,16.9193805198626,141790393.3004987,22.284022946732545
533,Ray Liotta,8252080.2894736845,46.05555555555556,16.914153167377748,83519218.11958478,22.16784043204709
534,Kevin J. O'Connor,6550316.909090909,32.57142857142857,16.911045561068473,111805632.25123969,22.099058440286786
535,Virginia Madsen,7120269.391304348,36.5,16.91011624035367,63347783.180580035,22.078530867327327
536,Eric Idle,2545748.8,48.8,16.906397499234167,125575881.55628276,21.99657900006501
537,John Heard,4223478.724137931,48.172413793103445,16.90533072062319,127271053.20296991,21.97312603185967
538,Joseph Gordon-Levitt,12744130.652173912,24.08695652173913,16.8996994288318,165602152.00653726,21.849736694357976
539,Robin Wright,8769137.851851853,36.69230769230769,16.89042178149839,149409194.48676166,21.647959996820788
540,Jeff Daniels,7798668.194444444,43.714285714285715,16.889892700830206,98634867.80773252,21.636509509063828
541,Billy Bob Thornton,5591359.666666667,45.62068965517241,16.88256714003574,134613711.82797307,21.478589077354158
542,Scott Wilson,6461484.285714285,49.857142857142854,16.88046463516508,71245180.09148118,21.43347767928921
543,Val Kilmer,7136490.694444444,39.75,16.87687699675118,128587804.31680971,21.356719883362192
544,Malcolm McDowell,7190311.407407408,53.48148148148148,16.876637274243823,82042156.41135143,21.35160081052586
545,Mary Steenburgen,6090703.114285714,43.14705882352941,16.87609109299459,100625366.89251493,21.339942150682543
546,Heather Graham,8600841.296296297,29.076923076923077,16.871216600635755,118210570.58560085,21.236173880019244
547,Ellen Burstyn,9969662.952380951,60.80952380952381,16.86818724198545,184938570.41660294,21.171939236985683
548,Christina Ricci,8472600.848484848,20.4375,16.865636952983884,73922461.60577439,21.11801346558629
549,Melanie Griffith,4373405.32,37.64,16.86393312524434,54000247.78887912,21.08206264414018
550,Harry Dean Stanton,6350611.302325581,64.975,16.861498686394835,102953500.60168368,21.030802072491397
551,Paul Guilfoyle,8784054.73076923,37.64,16.852924593843273,88339009.09264591,20.851252864813294
552,Forest Whitaker,6006479.944444444,35.82857142857143,16.848599588326113,79847680.38869339,20.761265818641174
553,Kris Kristofferson,8030904.566666666,60.2,16.840759113183374,105442677.7664192,20.59912409474756
554,Ernie Hudson,7560880.192307692,49.42307692307692,16.840497714577165,109151548.41999072,20.593740216119897
555,Dermot Mulroney,9776549.73076923,36.12,16.832231901735106,68718872.55028926,20.424217799258894
556,Michael McKean,4382964.483870967,47.03225806451613,16.830107407782336,49569055.49749702,20.380872731524516
557,Allison Janney,9691822.592592593,42.69230769230769,16.828989710982952,165143305.132023,20.358105820925527
558,Vivica A. Fox,4655481.05,35.63157894736842,16.8263472459737,162884257.1240515,20.304381252546637
559,Lucy Liu,8277939.24,35.0,16.823773709612723,163564356.70267093,20.25219437032875
560,Marisa Tomei,9135454.566666666,35.333333333333336,16.819127806931387,86669413.07651345,20.15832287396572
561,Frank Langella,8323438.678571428,59.57142857142857,16.803716133278655,76926691.63478987,19.850031128420866
562,Matthew Modine,7522008.666666667,34.57142857142857,16.79753417746729,105242819.0464631,19.72769763285972
563,Lois Smith,8917423.130434783,63.08695652173913,16.78269718572787,137813548.24050692,19.437158638204302
564,Marcia Gay Harden,6755868.730769231,43.0,16.780128655014423,81039695.05187084,19.387297761269313
565,"Ed Begley, Jr.",6397267.807692308,44.30769230769231,16.77603922754849,40877529.06728608,19.308176703492094
566,Sissy Spacek,8920757.125,46.125,16.761399179297634,84698255.76518247,19.027563174714707
567,Patricia Clarkson,8491116.46875,42.6875,16.758264984354458,87669053.13430318,18.96802044044146
568,James Spader,3272040.565217391,32.17391304347826,16.747142111124496,66761156.39031682,18.758210561110033
569,Frances Conroy,8790911.090909092,47.95454545454545,16.746081932846717,81373457.79556295,18.738334051926508
570,Maria Bello,9043362.4,38.05,16.726492642935575,106396951.86116126,18.37483535839297
571,Peter Gallagher,8018194.545454546,42.57142857142857,16.700402945679343,87352442.57617961,17.90164105536426
572,Will Patton,7270746.964285715,44.18518518518518,16.694793314302604,104381001.97526018,17.80150058616527
573,Giancarlo Esposito,5588997.958333333,37.76190476190476,16.69067197238878,41631670.92041022,17.72828549152234
574,Richard Riehle,5306112.523809524,49.80952380952381,16.6716140844244,75514625.5807064,17.393620941777055
575,Vincent D'Onofrio,5928950.814814814,37.666666666666664,16.66934645057689,102446827.81113923,17.354223264833983
576,Jon Polito,3113293.409090909,47.421052631578945,16.665520879872506,44726293.02220369,17.287960284386273
577,Mary Kay Place,4085631.619047619,48.23809523809524,16.66526862427229,75993268.12122451,17.283599849583396
578,Catherine Keener,8332176.375,44.666666666666664,16.6579507796285,56175823.588447325,17.15758279995405
579,Mary Beth Hurt,7128368.6,49.8421052631579,16.655859215314383,54868731.38874231,17.121734115036954
580,Larry Miller,8271734.75,45.708333333333336,16.636984854944576,76600759.04619399,16.8016029740634
581,Barbara Hershey,9428908.958333334,43.958333333333336,16.600731273767703,62891889.89054542,16.203393827200603
582,Udo Kier,5068768.0869565215,55.69565217391305,16.584872476403643,55646693.787837714,15.948454347772213
583,Tim Roth,6870061.909090909,39.578947368421055,16.57928115259089,82552062.80845548,15.859530208697866
584,Janeane Garofalo,3090356.4285714286,34.82142857142857,16.56769678589457,69546336.75356722,15.676867652877478
585,Richard Masur,4645058.333333333,39.25,16.555718317690896,41713825.58937598,15.49020300239382
586,Toni Collette,7191128.428571428,29.476190476190474,16.553118777365416,106717833.54651381,15.449987888091384
587,Gina Gershon,9888465.086956521,37.21739130434783,16.54379918753264,79813632.15027776,15.306669211020038
588,Kathy Baker,8238820.15,47.55,16.519490511390035,53143850.92397059,14.939070368317147
589,Maggie Gyllenhaal,8736683.333333334,25.916666666666668,16.49158244847745,107964166.69656886,14.527913829664303
590,Bruce Davison,6839386.0869565215,50.65217391304348,16.48225418830699,79974731.07611468,14.393023792543637
591,Nicky Katt,3402580.0,29.1,16.460674423286378,60120414.54065035,14.085753060482846
592,Danny Aiello,6167087.476190476,59.5,16.443898341473556,51834487.77712993,13.851420402462205
593,Beau Bridges,10513747.5,52.15,16.405813491002462,71591323.29016998,13.333810243093723
594,Lukas Haas,8947643.61904762,21.19047619047619,16.399343604232847,94646409.06456503,13.247820472609286
595,Aidan Quinn,8777381.518518519,38.44444444444444,16.365129286954136,45010146.28456906,12.802221736017447
596,Timothy Hutton,8685665.409090908,37.22727272727273,16.337871082370803,61955737.04750425,12.45796932314183
597,Michael Lerner,7048933.666666667,52.8,16.309366355342043,69230745.44097954,12.10787173117056
598,Anthony LaPaglia,7745125.304347826,39.34782608695652,16.301529434134746,71907871.23900007,12.013354141627337
599,Adrien Brody,7757562.384615385,29.56,16.280299040664634,94755976.61438456,11.760994235129214
600,Tom Arnold,8286715.608695652,41.08695652173913,16.217571537855587,79634297.40025313,11.045918352824208
601,Jennifer Jason Leigh,5193461.866666666,33.1,16.206651144177084,40699755.90072492,10.925948825350257
602,Christian Slater,4028155.8536585364,28.225,16.180854017985457,69222289.97679487,10.647695247190503
603,Stephen Rea,8151103.0869565215,52.78260869565217,16.17568443187064,55880621.536189534,10.592793102637756
604,Ellen Barkin,8490182.185185185,39.15384615384615,16.15341990691457,47469621.05576807,10.359555691080232
605,Eric Stoltz,2419611.434782609,32.25,16.143647088694408,59017753.161156185,10.258806738926708
606,Gabriel Byrne,6042829.724137931,45.629629629629626,16.086393561560136,50578763.48328932,9.687951534400277
607,Rosanna Arquette,6821317.0,33.04347826086956,16.083460846625556,50362114.896510325,9.65958115570054
608,Jonathan Rhys Meyers,10103102.666666666,25.952380952380953,16.025799183501316,65016995.01180365,9.11834780130732
609,Judy Greer,10009693.76,29.84,16.002311402656364,100619351.55409954,8.906673655657302
610,Parker Posey,3487726.346153846,31.692307692307693,15.96789297927583,72350645.18237156,8.605335529672876
611,Ally Sheedy,6876614.095238095,29.35,15.936673049607707,76615580.85719521,8.340827996874093
612,Lili Taylor,4674641.833333333,30.545454545454547,15.920366109186531,84898685.43679594,8.205917589215588
613,Hope Davis,5876035.88,38.16,15.882116023678055,46904618.479755975,7.897967640770245
614,Seymour Cassel,6517531.88,59.84,15.876331389765184,71129764.85521065,7.852412675740403
615,Eric Roberts,7077897.148148148,39.38461538461539,15.595451104418157,95448916.58008155,5.929503878079088
616,Bobby Cannavale,8348444.333333333,34.285714285714285,15.5953347916532,58084052.18678993,5.928814241195768
